{"cameraMode":{"drawMode":0,"name":"Shaded","section":"Shading Mode"},"sceneLighting":true,"audioPlay":false,"sceneViewState":{"showFog":true,"showMaterialUpdate":false,"showSkybox":true,"showFlares":true,"showImageEffects":true,"showParticleSystems":true},"in2DMode":false,"pivot":{"x":13.654152870178223,"y":11.127874374389649,"z":0.7963922619819641},"rotation":{"x":0.4268065094947815,"y":0.5527697801589966,"z":-0.3954588770866394,"w":0.5965782999992371},"size":19.359216690063478,"orthographic":false}